{"name": "N_proection_alphabet", "total_epoch": 50, "parent": "net_number_proection", "iq": 92.20401003738152, "iq_min": 15.09123470618533, "iq_max": 169.3167853685777, "loss": 28.30630462170103}