{"name": "net_number_proection", "total_epoch": 750, "parent": null, "iq": 96.78570293983319, "iq_min": 47.67490148571978, "iq_max": 145.8965043939466, "loss": 7.70589216309315}